,main_dest,sub_dest
0,india,"[88757.0, ['gulmarg']]"
3,india,"[88761.0, ['nainital']]"
6,india,"[88765.0, ['dhanaulti', 'attracts', 'many']]"
11,india,"[88770.0, ['katao', 'place', 'see', 'sikkim']]"
16,india,"[95279.0, ['sonamarg']]"
27,india,"[95291.0, ['tawang']]"
31,india,"[88803.0, ['srinagar']]"
34,india,"[88807.0, ['udaipur']]"
38,india,"[88811.0, ['pushkar']]"
42,india,"[88815.0, ['darjeeling', 'toy']]"
43,india,"[88816.0, ['blue', 'jodhpur']]"
44,india,"[88817.0, ['jaipur']]"
46,india,"[88819.0, ['dalhousie']]"
47,india,"[88820.0, ['root', 'shillong']]"
57,india,"[88830.0, ['puri']]"
62,india,"[88835.0, ['auli']]"
63,india,"[88836.0, ['khajjiar']]"
65,india,"[88838.0, ['hampi']]"
70,india,"[88843.0, ['mount', 'abu', 'rajasthan']]"
71,india,"[88844.0, ['mcleod', 'ganj']]"
78,india,"[89685.0, ['goa']]"
79,india,"[89686.0, ['srinagar']]"
80,india,"[89687.0, ['agra']]"
81,india,"[89688.0, ['thar', 'jaisalmer']]"
86,india,"[89694.0, ['pushkar']]"
92,india,"[89700.0, ['jaipur']]"
98,india,"[89706.0, ['pahalgam']]"
102,india,"[89710.0, ['nainital']]"
104,india,"[89712.0, ['ranikhet']]"
106,india,"[89714.0, ['lakshadweep']]"
114,india,"[89722.0, ['khajuraho']]"
121,india,"[89730.0, ['matheran']]"
124,india,"[89733.0, ['rishikesh']]"
127,india,"[89136.0, ['across', 'thar', 'dessert', 'rajasthan']]"
136,india,"[89146.0, ['yumthang', 'sikkim']]"
152,india,"[89265.0, ['leh', 'ladakh']]"
155,india,"[89269.0, ['lakshadweep']]"
156,india,"[89270.0, ['ooty']]"
183,india,"[89357.0, ['nagarjuna', 'sagar', 'dam']]"
184,india,"[89358.0, ['henry', 'west', 'bengal']]"
191,india,"[89844.0, ['goa']]"
197,india,"[89852.0, ['jaisalmer']]"
202,india,"[89859.0, ['white', 'rishikesh']]"
207,india,"[89864.0, ['andaman']]"
217,india,"[89877.0, ['hemis', 'jammu', 'kashmir']]"
230,india,"[89995.0, ['glass', 'bottom', 'andaman']]"
233,india,"[89999.0, ['dibru', 'saikhowa']]"
236,india,"[90002.0, ['kerala']]"
244,india,"[90058.0, ['people']]"
245,india,"[90103.0, ['shimla']]"
250,india,"[90109.0, ['darjeeling']]"
251,india,"[90110.0, ['take', 'detour', 'gangtok']]"
255,india,"[90115.0, ['pondicherry']]"
269,india,"[90225.0, ['varanasi', 'ghats']]"
272,india,"[90229.0, ['pipli']]"
276,india,"[90233.0, ['mustard', 'fields', 'punjab']]"
278,india,"[90235.0, ['khari', 'baoli', 'old', 'delhi']]"
288,india,"[90245.0, ['pushkar', 'mela']]"
295,india,"[90252.0, ['dal', 'srinagar']]"
304,india,"[90335.0, ['malana', 'himachal', 'pradesh']]"
308,india,"[90675.0, ['mcleodganj']]"
318,india,"[90685.0, ['volunteer', 'monks', 'sikkim']]"
325,india,"[90693.0, ['drive', 'bandipur']]"
329,india,"[90698.0, ['beat', 'fear', 'heights', 'solang']]"
334,india,"[90704.0, []]"
349,india,"[90760.0, ['gangtok']]"
355,india,"[90767.0, ['shillong']]"
360,india,"[90774.0, ['ghat']]"
367,india,"[90874.0, ['spiti']]"
369,india,"[90876.0, ['barapole']]"
372,india,"[90879.0, []]"
374,india,"[90908.0, ['rainforest', 'resort']]"
376,india,"[90910.0, ['house', 'jaipur']]"
379,india,"[90914.0, ['manali']]"
386,india,"[91018.0, ['khajjiar', 'himachal', 'pradesh']]"
393,india,"[91026.0, ['auli', 'uttarakhand']]"
398,india,"[91031.0, ['mirik', 'west', 'bengal']]"
401,india,"[91034.0, ['champhai', 'mizoram']]"
409,india,"[91044.0, ['amarkantak']]"
426,india,"[91064.0, ['meghamalai']]"
429,india,"[91199.0, ['dhikala', 'lodge', 'corbett']]"
463,india,"[91643.0, ['andaman']]"
465,india,"[91646.0, ['ladakh']]"
466,india,"[91647.0, ['udaipur']]"
473,india,"[91654.0, ['wayanad']]"
485,india,"[91867.0, ['silent']]"
490,india,"[91874.0, ['nicobar']]"
492,india,"[92095.0, ['ross', 'smith']]"
501,india,"[92105.0, ['mandrem']]"
506,india,"[92110.0, ['cherai']]"
510,india,"[92114.0, ['munambam', 'ernakulam']]"
511,india,"[92115.0, ['om', 'gokarna']]"
519,india,"[92123.0, ['covelong', 'chennai']]"
528,india,"[92132.0, ['alibaug']]"
543,india,"[92353.0, ['gurudongmar', 'sikkim']]"
550,india,"[92520.0, ['drang', 'drung', 'kargil']]"
553,india,"[92524.0, ['dal']]"
555,india,"[92526.0, ['pangong', 'tso', 'ladakh']]"
556,india,"[92527.0, ['khatling']]"
565,india,"[92536.0, ['matheran']]"
575,india,"[92649.0, ['sunrise', 'kanyakumari']]"
577,india,"[92697.0, ['jogindernagar']]"
581,india,"[92702.0, ['matheran', 'neral']]"
586,india,"[92707.0, ['araku']]"
594,india,"[92860.0, ['lothal']]"
599,india,"[92865.0, ['naval', 'aviation', 'vasco', 'da', 'gama']]"
601,india,"[92888.0, ['dr.', 'kalam']]"
602,india,"[92890.0, ['god']]"
604,india,"[92898.0, ['miss', 'universe']]"
614,india,"[92945.0, ['grand']]"
615,india,"[92958.0, ['jaipur']]"
618,india,"[92962.0, ['india', 'bangalore']]"
622,india,"[92966.0, ['delhi']]"
635,india,"[93239.0, ['marble', 'rocks', 'jabalpur']]"
638,india,"[93243.0, ['lingam', 'lord', 'shiva', 'amarnath']]"
641,india,"[93246.0, ['loktak', 'floating']]"
650,india,"[93416.0, ['darjeeling', 'west', 'bengal']]"
651,india,"[93417.0, ['gokarna', 'karnataka']]"
658,india,"[93475.0, ['pondicherry']]"
661,india,"[93478.0, ['darjeeling']]"
662,india,"[93480.0, ['sikkim']]"
663,india,"[93482.0, ['hampi']]"
665,india,"[93484.0, ['lonavala']]"
683,india,"[93545.0, ['auli']]"
685,india,"[93549.0, ['rann']]"
688,india,"[93696.0, ['bhangarh', 'india']]"
694,india,"[93704.0, ['tunnel']]"
701,india,"[93712.0, ['ravindra', 'nagar']]"
704,india,"[93715.0, ['chandan', 'nagar', 'pune']]"
707,india,"[93718.0, ['fern', 'hotel', 'ooty']]"
711,india,"[93722.0, ['dow', 'kurseong']]"
712,india,"[93874.0, ['manali']]"
715,india,"[93977.0, ['uttarakhand']]"
727,india,"[94134.0, ['loktak', 'manipur']]"
731,india,"[94140.0, ['nakki']]"
733,india,"[94142.0, ['saputara']]"
737,india,"[94147.0, ['berijam', 'tamil', 'nadu']]"
743,india,"[94358.0, ['kailash', 'manasarovar']]"
746,india,"[94382.0, ['sonamarg']]"
749,india,"[94386.0, ['gurudongmar']]"
753,india,"[95301.0, ['golden']]"
759,india,"[95308.0, ['south', 'asian', 'band', 'festival']]"
771,india,"[95325.0, ['kila', 'raipur']]"
772,india,"[95326.0, ['jawai', 'rajasthan']]"
775,india,"[95329.0, ['mainpat']]"
779,india,"[95333.0, ['halebidu']]"
782,india,"[95336.0, ['chembra', 'western', 'ghats']]"
787,india,"[95369.0, ['cemetery', 'murshidabad']]"
791,india,"[95495.0, ['clear', 'dawki']]"
799,india,"[95506.0, ['diu']]"
800,india,"[95508.0, ['chennai']]"
801,india,"[95509.0, ['radhanagar', 'havelock']]"
805,india,"[95513.0, ['tawang']]"
811,india,"[95687.0, ['kufri']]"
817,india,"[95694.0, []]"
822,india,"[96196.0, ['gokarna']]"
832,india,"[96295.0, ['chamoli']]"
833,india,"[96296.0, ['red', 'rain', 'idukki', 'kerala']]"
834,india,"[96297.0, ['bullet', 'shrine', 'rajasthan']]"
842,india,"[96835.0, []]"
846,india,"[97386.0, ['oysters', 'gurgaon']]"
848,india,"[97389.0, ['wonderla', 'kochi']]"
851,india,"[97392.0, ['dreamworld', 'thrissur']]"
858,india,"[97588.0, ['mumbai']]"
861,india,"[97591.0, ['munnar']]"
865,india,"[97746.0, ['ladakh']]"
866,india,"[97748.0, ['srinagar']]"
870,india,"[97752.0, ['mussoorie']]"
872,india,"[97754.0, ['munnar']]"
875,india,"[97758.0, ['coorg']]"
878,india,"[97762.0, ['mahabaleshwar']]"
881,india,"[97765.0, ['gangtok']]"
900,india,"[97898.0, ['mashobra']]"
904,india,"[98028.0, ['kinnaur']]"
908,india,"[98132.0, ['ladakh']]"
911,india,"[98136.0, ['dharamshala']]"
913,india,"[98139.0, ['kodaikanal']]"
918,india,"[88975.0, ['goa']]"
919,india,"[88976.0, ['pondicherry']]"
922,india,"[88980.0, ['wayanad']]"
925,india,"[89076.0, ['majuli']]"
926,india,"[89082.0, ['gokarna', 'karnataka']]"
930,india,"[89374.0, ['floating']]"
931,india,"[89378.0, ['tiger']]"
933,india,"[89445.0, ['kumarakom', 'kerala']]"
936,india,"[89634.0, ['laad', 'bazaar']]"
937,india,"[89668.0, ['fear', 'heights']]"
946,india,"[90589.0, ['kasauli']]"
952,india,"[90822.0, ['sandakphu']]"
964,india,"[90969.0, ['bir', 'billing']]"
966,india,"[90972.0, ['manali']]"
970,india,"[91284.0, ['pune']]"
972,india,"[91626.0, ['ladakh']]"
974,india,"[91762.0, ['coorg']]"
977,india,"[91769.0, ['wayanad']]"
983,india,"[92008.0, ['kolkata']]"
987,india,"[92196.0, ['zanskar']]"
991,india,"[92392.0, ['mumbai']]"
992,india,"[92396.0, ['band']]"
995,india,"[92491.0, ['periyar']]"
1006,india,"[92577.0, ['kausani']]"
1007,india,"[92578.0, ['nohkalikai', 'falls', 'cherrapunji']]"
1013,india,"[92586.0, ['dalhousie']]"
1018,india,"[92626.0, ['chandigarh']]"
1028,india,"[93264.0, ['champhai', 'mizoram']]"
1030,india,"[93569.0, ['andaman']]"
1053,india,"[95608.0, ['kanyakumari']]"
1056,india,"[96066.0, ['resort']]"
1059,india,"[96209.0, ['goa']]"
1064,india,"[96466.0, ['goa']]"
1085,delhi,"[88792.0, ['sanjay', 'van']]"
1089,delhi,"[88798.0, ['library', 'sarita', 'vihar']]"
1091,delhi,"[88800.0, ['film']]"
1096,delhi,"[95267.0, ['raahgiri']]"
1098,delhi,"[95269.0, ['slacklining', 'hauz', 'khas']]"
1112,delhi,"[90170.0, ['delhi']]"
1119,delhi,"[90742.0, ['spa', 'treatment']]"
1139,delhi,"[91104.0, ['hans', 'resort']]"
1142,delhi,"[91108.0, ['roxx', 'himachal']]"
1151,delhi,"[91337.0, ['bhimlat', 'falls', 'bundi']]"
1169,delhi,"[91955.0, ['bharatpur']]"
1175,delhi,"[91962.0, ['mussoorie']]"
1180,delhi,"[91967.0, ['pragpur']]"
1184,delhi,"[91971.0, ['orchha']]"
1185,delhi,"[92339.0, ['benog', 'tibba']]"
1190,delhi,"[92345.0, ['hampta', 'pass']]"
1191,delhi,"[92346.0, ['binsar', 'almora', 'district']]"
1195,delhi,"[92415.0, ['agrasen', 'ki', 'baoli']]"
1196,delhi,"[92416.0, ['firoz', 'shah', 'kotla']]"
1200,delhi,"[92420.0, ['karkardooma', 'court', 'delhi']]"
1203,delhi,"[92425.0, ['buddha']]"
1204,delhi,"[92426.0, ['deer']]"
1215,delhi,"[92437.0, []]"
1216,delhi,"[92438.0, ['thai', 'high']]"
1220,delhi,"[92442.0, ['le', 'cirque']]"
1222,delhi,"[92444.0, ['smaaash', 'gurgaon']]"
1223,delhi,"[92445.0, ['kingdom', 'dreams']]"
1225,delhi,"[92448.0, ['delhi', 'purana', 'quila']]"
1226,delhi,"[92449.0, ['neemrana']]"
1234,delhi,"[92603.0, ['dhauj']]"
1249,delhi,"[92734.0, ['kulfi']]"
1253,delhi,"[92738.0, ['rabri', 'faluda']]"
1255,delhi,"[92741.0, ['kulfi', 'faluda']]"
1256,delhi,"[92742.0, ['aloo', 'tikki']]"
1262,delhi,"[92749.0, ['bhel', 'puri']]"
1269,delhi,"[95878.0, ['roswell', 'ufo', 'festival']]"
1270,delhi,"[93058.0, ['red']]"
1273,delhi,"[93062.0, ['qutub', 'minar']]"
1278,delhi,"[93067.0, ['iskon']]"
1279,delhi,"[93068.0, ['lotus']]"
1280,delhi,"[93069.0, ['largest', 'india']]"
1285,delhi,"[93075.0, ['nehru']]"
1286,delhi,"[93078.0, ['dolls']]"
1299,delhi,"[93782.0, ['superhero', 'cafÃ©']]"
1303,delhi,"[93786.0, ['satya', 'niketan']]"
1304,delhi,"[93788.0, ['chaina', 'ram', 'chowk']]"
1311,delhi,"[93795.0, ['sukhdev', 'murthal']]"
1313,delhi,"[94167.0, []]"
1316,delhi,"[94403.0, ['shri', 'ram', 'lila', 'committee']]"
1325,delhi,"[94440.0, ['tughlaqabad']]"
1338,delhi,"[95772.0, ['delhi']]"
1342,delhi,"[95776.0, ['delhi', 'gazing']]"
1345,delhi,"[97175.0, ['damdama', 'resort']]"
1351,delhi,"[90972.0, ['manali']]"
1359,delhi,"[92580.0, ['kalindi']]"
1362,delhi,"[93044.0, ['home']]"
1366,delhi,"[94890.0, ['ice']]"
1376,"new,india","[88925.0, ['mumbai']]"
1377,"new,india","[88927.0, ['kolkata']]"
1385,"new,india","[88937.0, ['gangtok']]"
1387,"new,india","[88976.0, ['pondicherry']]"
1390,"new,india","[90329.0, ['goa']]"
1394,"new,india","[92008.0, ['kolkata']]"
1395,"new,india","[92193.0, ['rann', 'kutch']]"
1400,"new,india","[92497.0, ['mumbai']]"
1457,kerala,"[89034.0, ['shikara', 'rides', 'alappuzha']]"
1458,kerala,"[89035.0, ['snake', 'races']]"
1467,kerala,"[89045.0, ['get', 'drenched']]"
1481,kerala,"[89121.0, ['windflower', 'resort', 'spa']]"
1486,kerala,"[89368.0, ['vagamon']]"
1487,kerala,"[89369.0, ['kozhikode']]"
1490,kerala,"[89558.0, ['munnar']]"
1493,kerala,"[89562.0, ['idukki']]"
1499,kerala,"[89797.0, ['kappad']]"
1517,kerala,"[90142.0, ['thekkady']]"
1523,kerala,"[90148.0, ['ernakulam']]"
1537,kerala,"[91980.0, ['power', 'house']]"
1542,kerala,"[94825.0, ['munnar']]"
1543,kerala,"[94827.0, ['munnar']]"
1549,kerala,"[94855.0, ['thekkady']]"
1553,kerala,"[95007.0, ['vulture', 'gyps', 'bengalensis']]"
1557,kerala,"[95011.0, ['chembra']]"
1566,kerala,"[95452.0, ['gateway', 'hotel', 'varkala']]"
1569,kerala,"[95455.0, ['chera', 'rocks', 'house']]"
1577,kerala,"[96377.0, ['kozhikode']]"
1580,kerala,"[96380.0, ['kasargod']]"
1582,kerala,"[96382.0, ['idukki']]"
1588,kerala,"[96568.0, ['munnar']]"
1609,kerala,"[91769.0, ['wayanad']]"
1617,kerala,"[93736.0, ['rides']]"
1620,kerala,"[95606.0, ['varkala']]"
1627,kerala,"[96465.0, ['munnar']]"
1657,"sri,lanka","[89514.0, ['commonwealth', 'war', 'cemetery']]"
1659,"sri,lanka","[89516.0, ['nuwara', 'eliya']]"
1662,"sri,lanka","[89811.0, ['tangalle']]"
1664,"sri,lanka","[89813.0, ['saman', 'secluded', 'beachfront']]"
1667,"sri,lanka","[89816.0, ['era', 'jetwing', 'colonial']]"
1672,"sri,lanka","[89925.0, ['yellow', 'eared', 'bulbul']]"
1675,"sri,lanka","[89928.0, ['turtle', 'nesting', 'tangalle']]"
1683,"sri,lanka","[90408.0, ['capital', 'colombo']]"
1685,"sri,lanka","[90415.0, ['sri']]"
1688,"sri,lanka","[90418.0, []]"
1692,"sri,lanka","[90422.0, ['lanterns', 'vesak', 'festival']]"
1696,"sri,lanka","[90430.0, ['sri', 'lankan']]"
1697,"sri,lanka","[90431.0, ['sri']]"
1699,"sri,lanka","[90433.0, ['honeymooners']]"
1702,"sri,lanka","[90984.0, ['turtle', 'conservation']]"
1703,"sri,lanka","[90988.0, ['traffic', 'sri']]"
1714,"sri,lanka","[91843.0, ['mirissa']]"
1717,"sri,lanka","[91846.0, ['galle']]"
1728,"sri,lanka","[92068.0, ['tangalle']]"
1730,"sri,lanka","[92070.0, ['ella']]"
1741,"sri,lanka","[92671.0, ['devon', 'falls']]"
1743,"sri,lanka","[92673.0, ['kirindi']]"
1746,"sri,lanka","[95023.0, ['bentota']]"
1754,"sri,lanka","[96031.0, ['colorful', 'reefs', 'bentota']]"
1756,"sri,lanka","[96033.0, ['snorkeling', 'pigeon']]"
1758,"sri,lanka","[89600.0, ['sri', 'lanka']]"
1769,kashmir,"[89322.0, ['sonmarg']]"
1770,kashmir,"[89323.0, ['udhampur']]"
1773,kashmir,"[89327.0, ['kupwara']]"
1782,kashmir,"[95723.0, ['srinagar']]"
1785,kashmir,"[95760.0, ['peaks', 'sonmarg']]"
1787,kashmir,"[96129.0, ['jammu']]"
1793,kashmir,"[96843.0, ['aru']]"
1806,coorg,"[89418.0, ['brahmagiri', 'peak']]"
1814,coorg,"[89426.0, ['cauvery', 'nisargadhama']]"
1823,coorg,"[97454.0, ['hospitality']]"
1825,coorg,"[97457.0, ['madikeri']]"
1827,coorg,"[97459.0, ['resort']]"
1828,coorg,"[97701.0, ['mysore']]"
1835,coorg,"[94930.0, ['resort']]"
1836,coorg,"[96063.0, ['view']]"
1838,coorg,"[96559.0, ['view']]"
1843,"south,india","[89459.0, ['horsley']]"
1844,"south,india","[89460.0, ['yercaud']]"
1846,"south,india","[89462.0, ['ananthagiri']]"
1848,"south,india","[89464.0, ['araku']]"
1861,"south,india","[96319.0, ['coorg', 'karnataka']]"
1868,"south,india","[96326.0, ['hampi']]"
1869,"south,india","[96327.0, ['mysore']]"
1870,"south,india","[88980.0, ['wayanad']]"
1876,"south,india","[91763.0, ['kovalam']]"
1877,"south,india","[91769.0, ['wayanad']]"
1880,"south,india","[92569.0, ['alleppey']]"
1883,"south,india","[92582.0, ['kanyakumari']]"
1890,"south,india","[96465.0, ['munnar']]"
1905,andaman,"[89479.0, ['ross']]"
1907,andaman,"[89481.0, ['fortune', 'resort', 'bay']]"
1912,andaman,"[91382.0, ['fortune', 'resort', 'bay']]"
1913,andaman,"[91383.0, ['wild', 'orchid', 'resort']]"
1926,andaman,"[91592.0, ['glass', 'bottom', 'boating']]"
1932,andaman,"[94505.0, ['ross']]"
1940,andaman,"[95610.0, ['andaman']]"
1941,andaman,"[95614.0, []]"
1944,andaman,"[97443.0, ['havelock']]"
1946,andaman,"[97674.0, ['andaman']]"
1949,andaman,"[97810.0, []]"
1951,andaman,"[97812.0, ['glass', 'bottom']]"
1957,andaman,"[97819.0, ['bird', 'watching']]"
1961,andaman,"[92507.0, ['andaman']]"
1967,andaman,"[96066.0, ['resort']]"
1973,mauritius,"[89499.0, ['chamarel']]"
1981,mauritius,"[90265.0, ['one', 'le', 'saint', 'gÃ©ran']]"
1984,mauritius,"[90268.0, ['st', 'regis', 'resort', 'mauritius']]"
1989,mauritius,"[92460.0, ['blue', 'submarine']]"
2016,mauritius,"[92880.0, ['flic', 'en', 'flac', 'mauritius']]"
2028,mauritius,"[94188.0, []]"
2032,mauritius,"[94261.0, ['life']]"
2033,mauritius,"[94262.0, ['casela']]"
2042,mauritius,"[95352.0, ['le', 'prince', 'maurice']]"
2045,mauritius,"[95356.0, ['tropical', 'attitude']]"
2051,mauritius,"[95430.0, ['ile', 'aux', 'cerfs']]"
2058,mauritius,"[96339.0, ['casela']]"
2066,mauritius,"[97104.0, ['hippie', 'kenzi']]"
2069,mauritius,"[97107.0, ['banana']]"
2071,mauritius,"[97109.0, ['big', 'willy']]"
2079,mauritius,"[97262.0, ['riviere', 'des', 'galets']]"
2088,mauritius,"[91789.0, ['mauritius']]"
2099,mauritius,"[98103.0, ['bay']]"
2111,maldives,"[89543.0, ['malÃ©']]"
2121,maldives,"[90540.0, ['taj', 'resort']]"
2136,maldives,"[91711.0, []]"
2139,maldives,"[97245.0, ['maldives']]"
2141,maldives,"[97476.0, ['sun']]"
2143,maldives,"[97478.0, ['alimatha']]"
2149,maldives,"[91211.0, ['maldives']]"
2154,maldives,"[93570.0, ['taj']]"
2160,"africa,east","[89614.0, []]"
2211,asia,"[89674.0, ['tioman', 'malaysia']]"
2215,asia,"[89679.0, ['phi', 'thailand']]"
2221,asia,"[90440.0, ['langkawi', 'malaysia']]"
2225,asia,"[90445.0, ['siem', 'reap', 'cambodia']]"
2236,asia,"[90737.0, ['japan']]"
2240,asia,"[90923.0, ['shangri', 'la', 'philippines']]"
2241,asia,"[90924.0, ['lily', 'resort', 'maldives']]"
2242,asia,"[90925.0, ['intercontinental', 'hong', 'kong']]"
2247,asia,"[90930.0, ['banyan', 'seychelles']]"
2249,asia,"[92049.0, ['vietnam']]"
2250,asia,"[92050.0, ['cambodia']]"
2251,asia,"[92052.0, ['laos']]"
2253,asia,"[92056.0, ['turkey']]"
2254,asia,"[92058.0, ['taiwan']]"
2258,asia,"[88994.0, ['maldives']]"
2261,asia,"[88999.0, ['indonesia']]"
2263,asia,"[89009.0, ['laos']]"
2265,asia,"[89580.0, ['seychelles']]"
2267,asia,"[89588.0, ['malaysia']]"
2279,asia,"[91756.0, ['turkey']]"
2286,asia,"[91814.0, ['bali', 'indonesia']]"
2296,asia,"[97830.0, ['singapore']]"
2322,bhutan,"[94900.0, ['uma', 'como', 'punakha']]"
2323,bhutan,"[94901.0, ['dhensa', 'resort', 'punakha']]"
2324,bhutan,"[94902.0, ['le', 'thimphu']]"
2328,bhutan,"[94908.0, ['gangtey', 'hotel', 'paro']]"
2331,bhutan,"[95201.0, ['punakha', 'dzong']]"
2336,bhutan,"[95207.0, ['norzin', 'lam', 'thimphu']]"
2341,bhutan,"[96585.0, ['thimphu', 'day']]"
2342,bhutan,"[96586.0, ['dochula', 'pass', 'day']]"
2348,bhutan,"[97682.0, ['le', 'meridian']]"
2354,bhutan,"[90960.0, ['red', 'panda']]"
2357,bhutan,"[94930.0, ['resort']]"
2359,bhutan,"[96178.0, ['day']]"
2364,mumbai,"[90016.0, ['karjat']]"
2365,mumbai,"[90017.0, ['matheran']]"
2367,mumbai,"[90020.0, ['kamshet']]"
2380,mumbai,"[90883.0, ['lonavala']]"
2383,mumbai,"[90887.0, ['saguna', 'baug']]"
2393,mumbai,"[91134.0, ['lavasa']]"
2395,mumbai,"[91136.0, ['karjat']]"
2396,mumbai,"[91137.0, ['igatpuri', 'mix', 'beauty', 'spirituality']]"
2399,mumbai,"[91140.0, ['saputara']]"
2403,mumbai,"[91520.0, ['radisson', 'resort', 'alibaug']]"
2405,mumbai,"[91523.0, ['upper', 'deck', 'lonavala', 'mumbai']]"
2408,mumbai,"[91527.0, ['machan', 'mumbai']]"
2409,mumbai,"[91528.0, ['gold', 'daman', 'mumbai']]"
2411,mumbai,"[91530.0, ['mumbai']]"
2425,mumbai,"[94653.0, ['pav']]"
2426,mumbai,"[94654.0, ['bhel', 'puri', 'sev']]"
2433,mumbai,"[94662.0, ['zunka', 'bhakar']]"
2438,mumbai,"[95939.0, ['mumbai']]"
2441,mumbai,"[95944.0, ['silvassa']]"
2451,mumbai,"[96416.0, ['vrindavan', 'society', 'ghost']]"
2458,mumbai,"[92400.0, ['mumbai']]"
2462,mumbai,"[92852.0, ['oldest']]"
2469,bangalore,"[90068.0, ['bheemeshwari']]"
2473,bangalore,"[90073.0, ['horsley']]"
2479,bangalore,"[90079.0, ['chikmagalur']]"
2480,bangalore,"[90080.0, ['coorg']]"
2483,bangalore,"[90083.0, ['hampi']]"
2491,bangalore,"[91163.0, ['savanadurga']]"
2493,bangalore,"[91165.0, ['anthargange']]"
2494,bangalore,"[91166.0, ['bheemeshwari']]"
2517,bangalore,"[91431.0, ['karwar']]"
2519,bangalore,"[91458.0, ['country', 'resort', 'bandipur']]"
2520,bangalore,"[91460.0, ['jungle', 'retreat', 'masinagudi']]"
2521,bangalore,"[91461.0, ['magnolia']]"
2525,bangalore,"[92200.0, ['shivanasamudra', 'falls', 'mandya']]"
2526,bangalore,"[92201.0, ['iruppu', 'falls']]"
2531,bangalore,"[92206.0, ['abbey', 'falls', 'coorg']]"
2542,bangalore,"[93601.0, ['gaming']]"
2545,bangalore,"[93605.0, ['snow']]"
2555,bangalore,"[97284.0, ['gobi', 'manchurian', 'indo', 'chinese']]"
2556,bangalore,"[97285.0, ['puri']]"
2557,bangalore,"[97533.0, ['lumbini']]"
2560,bangalore,"[97536.0, ['botanical']]"
2561,bangalore,"[97537.0, ['bannerghatta']]"
2566,bangalore,"[97542.0, ['sankey', 'tank']]"
2572,bangalore,"[97548.0, []]"
2576,bangalore,"[97552.0, ['wish', 'upon', 'stars']]"
2583,bangalore,"[89260.0, ['mangalore', 'buns']]"
2585,bangalore,"[91769.0, ['wayanad']]"
2589,bangalore,"[92909.0, ['gobi']]"
2591,bangalore,"[93570.0, ['taj']]"
2600,bangalore,"[96862.0, ['kodaikanal']]"
2602,bangalore,"[97607.0, ['chinese']]"
2606,karnataka,"[90195.0, ['agumbe']]"
2614,europe,"[90279.0, ['italy']]"
2620,europe,"[96138.0, ['rome']]"
2625,europe,"[96348.0, ['interlaken']]"
2628,europe,"[96353.0, ['lucerne']]"
2642,europe,"[91638.0, ['spain']]"
2646,europe,"[92810.0, ['spain']]"
2648,europe,"[94366.0, ['florence']]"
2652,europe,"[96245.0, ['spain']]"
2663,ladakh,"[90292.0, ['made', 'pashmina']]"
2664,ladakh,"[93163.0, ['alchi', 'lamayuru']]"
2668,ladakh,"[93169.0, ['markha']]"
2669,ladakh,"[93170.0, ['stok', 'lamayuru']]"
2677,ladakh,"[93595.0, ['highest', 'motorable']]"
2678,ladakh,"[93596.0, ['gravity', 'defying', 'magnetic']]"
2680,ladakh,"[95677.0, ['leh']]"
2681,ladakh,"[95678.0, ['delhi', 'leh']]"
2687,ladakh,"[93261.0, ['leh']]"
2701,turkey,"[90361.0, ['thermal']]"
2706,turkey,"[90371.0, ['turkish', 'coffee']]"
2707,turkey,"[90373.0, ['belly']]"
2723,turkey,"[92259.0, ['butterfly', 'oludeniz']]"
2734,turkey,"[92270.0, ['voyages', 'discovery']]"
2736,turkey,"[92272.0, ['msc']]"
2740,turkey,"[92556.0, ['apple']]"
2751,turkey,"[93232.0, ['anadoluhisari']]"
2760,turkey,"[93305.0, ['western', 'premier', 'senator', 'hotel']]"
2763,turkey,"[93308.0, ['sorriso', 'hotel']]"
2766,turkey,"[93311.0, ['goreme', 'kaya', 'hotel']]"
2768,turkey,"[93313.0, ['holiday', 'hotel', 'flintstones']]"
2772,turkey,"[93317.0, ['hotel']]"
2781,turkey,"[95057.0, ['antalya']]"
2785,turkey,"[95061.0, ['cappadocia']]"
2790,turkey,"[89585.0, ['turkey']]"
2795,turkey,"[92808.0, ['grand']]"
2802,turkey,"[96066.0, ['resort']]"
2804,turkey,"[96178.0, ['day']]"
2827,himalayas,"[94455.0, ['yang', 'sum', 'farm', 'sikkim']]"
2837,himalayas,"[95802.0, ['pangot', 'uttarakhand']]"
2851,himalayas,"[96881.0, ['har', 'ki', 'dun']]"
2862,himalayas,"[93271.0, ['chaukori', 'uttarakhand']]"
2866,himalayas,"[94804.0, ['snow']]"
2868,himalayas,"[96468.0, ['uttarakhand']]"
2870,kolkata,"[90494.0, ['bakkhali']]"
2876,kolkata,"[90503.0, ['puri']]"
2877,kolkata,"[90504.0, ['shankarpur']]"
2882,kolkata,"[90511.0, ['junput']]"
2887,kolkata,"[90516.0, ['jaldhaka']]"
2894,kolkata,"[90853.0, ['kolkata']]"
2896,kolkata,"[93465.0, ['hastings']]"
2901,kolkata,"[93577.0, ['fortune', 'kolkata']]"
2902,kolkata,"[93579.0, ['palm', 'bhasa', 'kolkata']]"
2907,kolkata,"[93585.0, ['united', 'resort', 'kolkata']]"
2914,kolkata,"[93939.0, ['diamond', 'harbour']]"
2915,kolkata,"[93942.0, ['machranga', 'dwip']]"
2919,kolkata,"[94392.0, []]"
2923,kolkata,"[94589.0, ['kali', 'dakshineshwar']]"
2926,kolkata,"[94594.0, ['sunderbans']]"
2933,kolkata,"[92008.0, ['kolkata']]"
2950,singapore,"[91406.0, ['reverse']]"
2951,singapore,"[91407.0, []]"
2963,singapore,"[93527.0, ['somerset', 'skate']]"
2969,singapore,"[94217.0, ['mint', 'toys']]"
2974,singapore,"[94247.0, ['chili']]"
2980,singapore,"[94287.0, ['singapore']]"
2981,singapore,"[94288.0, ['botanical']]"
2984,singapore,"[94291.0, ['changi', 'chapel']]"
2991,singapore,"[94298.0, ['chinatown']]"
2992,singapore,"[94299.0, ['crazy']]"
2996,singapore,"[95950.0, ['siloso', 'buzzing']]"
3000,singapore,"[95955.0, ['kusu', 'unexplored', 'singapore']]"
3013,singapore,"[97861.0, ['wallaby', 'trail']]"
3014,singapore,"[97870.0, ['sentosa']]"
3028,singapore,"[98103.0, ['bay']]"
3035,chennai,"[91158.0, ['munnar']]"
3036,chennai,"[91159.0, ['madikeri']]"
3052,chennai,"[91906.0, ['yelagiri']]"
3060,chennai,"[91915.0, ['thekkady']]"
3061,chennai,"[91916.0, ['mudumalai', 'sanctuary']]"
3064,chennai,"[92835.0, ['chandragiri']]"
3069,chennai,"[93824.0, ['semmozhi', 'poonga']]"
3073,chennai,"[93829.0, ['pulicat']]"
3076,chennai,"[93832.0, ['vedanthangal', 'bird', 'sanctuary']]"
3090,chennai,"[95001.0, ['vivanta', 'taj', 'fishermen', 'cove']]"
3096,chennai,"[95990.0, ['valmiki', 'nagar']]"
3097,chennai,"[95991.0, ['wipro', 'sholinganallur']]"
3103,chennai,"[97211.0, ['vivanta', 'taj', 'fisherman', 'cove']]"
3107,chennai,"[97216.0, ['mamalla', 'resort']]"
3108,chennai,"[97217.0, ['indeco', 'resort']]"
3112,chennai,"[97221.0, ['blue', 'lagoon', 'resort']]"
3113,chennai,"[97723.0, ['theosophical', 'society']]"
3114,chennai,"[97724.0, ['besant', 'nagar']]"
3115,chennai,"[97725.0, ['amidst', 'guindy']]"
3120,chennai,"[92582.0, ['kanyakumari']]"
3123,chennai,"[97831.0, ['universal']]"
3124,chennai,"[94349.0, ['blue']]"
3131,chennai,"[96404.0, ['silver']]"
3135,chennai,"[96863.0, ['coonoor']]"
3139,mcleodganj,"[90630.0, ['mcleodganj']]"
3143,mcleodganj,"[94583.0, ['mcleodganj']]"
3144,mcleodganj,"[92587.0, ['mcleodganj']]"
3146,"mauritius,seychelles","[90781.0, ['seychelles']]"
3147,"mauritius,seychelles","[90782.0, ['mauritius']]"
3149,"mauritius,seychelles","[90784.0, ['mauritius']]"
3150,"mauritius,seychelles","[90785.0, ['seychelles']]"
3164,"mauritius,seychelles","[90333.0, ['mauritius']]"
3165,"mauritius,seychelles","[90570.0, ['seychelles']]"
3167,"mauritius,seychelles","[91789.0, ['mauritius']]"
3168,"mauritius,seychelles","[94370.0, ['seychelles']]"
3169,"mauritius,seychelles","[94803.0, ['top']]"
3172,bali,"[91252.0, ['anantara', 'seminyak', 'resort', 'spa']]"
3174,bali,"[91255.0, ['alam', 'ubud', 'culture', 'residences']]"
3181,bali,"[88777.0, ['jamahal', 'resort', 'jimbaran', 'bay']]"
3196,bali,"[91566.0, ['momofuku', 'ando', 'instant', 'ramen', 'japan']]"
3198,bali,"[91568.0, ['british', 'lawnmower', 'england']]"
3202,bali,"[95216.0, ['ayana', 'resort']]"
3206,bali,"[95220.0, ['bali', 'resort', 'kuta']]"
3208,bali,"[92654.0, ['conrad', 'bali', 'tanjung', 'benoa']]"
3212,bali,"[92659.0, ['st', 'regis', 'bali', 'nusa', 'dua']]"
3218,bali,"[92953.0, ['banana']]"
3220,bali,"[92955.0, []]"
3221,bali,"[93199.0, []]"
3229,bali,"[93223.0, ['pura', 'luhur', 'uluwatu']]"
3240,bali,"[93297.0, ['kereneng']]"
3242,bali,"[93344.0, ['harris', 'kuta']]"
3252,bali,"[95899.0, ['bali']]"
3253,bali,"[95902.0, ['adventures']]"
3255,bali,"[95904.0, ['villa']]"
3256,bali,"[95926.0, ['bali']]"
3258,bali,"[95932.0, ['bratan']]"
3271,bali,"[90574.0, ['bali']]"
3276,bali,"[92504.0, ['thailand']]"
3283,bali,"[96177.0, ['bay']]"
3285,bali,"[97201.0, ['usa']]"
3286,bali,"[97367.0, ['italy']]"
3300,manali,"[91191.0, ['yak']]"
3304,manali,"[93947.0, []]"
3307,manali,"[93952.0, ['zorbing']]"
3320,manali,"[97494.0, ['solang']]"
3321,manali,"[97495.0, ['kothi']]"
3323,manali,"[97497.0, ['gulaba']]"
3324,manali,"[97498.0, ['naggar']]"
3334,manali,"[90813.0, ['punjab']]"
3335,manali,"[90963.0, ['white']]"
3336,manali,"[90972.0, ['manali']]"
3339,manali,"[93570.0, ['taj']]"
3341,manali,"[94930.0, ['resort']]"
3345,pune,"[90935.0, ['matheran']]"
3347,pune,"[90937.0, ['malshej', 'ghat']]"
3349,pune,"[90939.0, ['lonavala', 'khandala']]"
3359,pune,"[90950.0, ['dajipur']]"
3361,pune,"[91444.0, ['corinthians', 'resort']]"
3370,pune,"[93133.0, ['abandoned', 'house', 'residency']]"
3374,pune,"[93138.0, ['sinhgad']]"
3382,pune,"[96362.0, ['bedse', 'pune']]"
3384,pune,"[96365.0, ['kashid', 'pune']]"
3387,pune,"[97558.0, ['lonavala', 'pune']]"
3394,pune,"[97565.0, ['panshet', 'dam']]"
3399,pune,"[97571.0, ['trikaya']]"
3402,pune,"[97958.0, []]"
3403,pune,"[97959.0, []]"
3404,pune,"[97962.0, ['atv', 'rides']]"
3405,pune,"[97963.0, ['white']]"
3412,pune,"[93839.0, ['lonavala']]"
3413,pune,"[94930.0, ['resort']]"
3418,goa,"[91395.0, []]"
3430,goa,"[92088.0, ['flyboarding']]"
3432,goa,"[92091.0, ['paddleboarding']]"
3433,goa,"[92151.0, ['aguada']]"
3437,goa,"[92156.0, ['butterfly']]"
3442,goa,"[92161.0, ['lighthouse', 'aguada']]"
3453,goa,"[92173.0, ['flea', 'anjuna']]"
3454,goa,"[92174.0, ['tito']]"
3455,goa,"[92175.0, ['mambo']]"
3458,goa,"[92692.0, ['flea', 'mart']]"
3462,goa,"[93147.0, ['devil', 'canyon']]"
3464,goa,"[94012.0, ['goa']]"
3469,goa,"[94544.0, ['sinquerim', 'one', 'goa']]"
3470,goa,"[94545.0, ['vagator', 'goa']]"
3471,goa,"[94546.0, ['anjuna', 'one', 'famous', 'goa', 'formations']]"
3475,goa,"[94550.0, ['palolem']]"
3479,goa,"[94554.0, ['benaulim']]"
3481,goa,"[94917.0, []]"
3485,goa,"[96007.0, ['goa']]"
3486,goa,"[96009.0, ['goa']]"
3494,goa,"[96612.0, ['baytakhol']]"
3497,goa,"[96615.0, ['dona', 'paula']]"
3509,goa,"[88978.0, ['mumbai']]"
3510,goa,"[89374.0, ['floating']]"
3511,goa,"[90329.0, ['goa']]"
3513,goa,"[92400.0, ['mumbai']]"
3537,nainital,"[91111.0, ['hotel', 'elphinstone']]"
3539,nainital,"[91113.0, ['alka', 'side', 'hotel']]"
3548,nainital,"[91363.0, ['nainital', 'govind', 'ballabh', 'pant']]"
3556,nainital,"[92808.0, ['grand']]"
3557,nainital,"[93575.0, ['nainital']]"
3559,nainital,"[94804.0, ['snow']]"
3579,hyderabad,"[91326.0, ['cyberabad']]"
3580,hyderabad,"[91327.0, ['microsoft']]"
3581,hyderabad,"[91331.0, ['hyderabadi', 'lassi']]"
3582,hyderabad,"[91727.0, ['mallela', 'theertham']]"
3586,hyderabad,"[91731.0, ['kapila', 'theertham']]"
3602,hyderabad,"[93749.0, ['badami']]"
3604,hyderabad,"[94066.0, ['golkonda']]"
3606,hyderabad,"[90315.0, ['dark']]"
3612,"leh,ladakh","[91147.0, ['magnetic']]"
3614,"leh,ladakh","[91149.0, ['hemis', 'ladakh']]"
3617,"leh,ladakh","[91921.0, ['pangong']]"
3631,shimla,"[98124.0, ['ice', 'skating']]"
3636,shimla,"[98129.0, ['institute', 'advanced', 'studies']]"
3643,himachal,"[91351.0, ['kasauli']]"
3653,himachal,"[91375.0, ['chamba']]"
3664,himachal,"[88862.0, ['pass', 'chanshal']]"
3665,himachal,"[88863.0, ['manikaran']]"
3677,himachal,"[95119.0, ['chail']]"
3678,himachal,"[95120.0, ['barot']]"
3683,himachal,"[95125.0, ['manikaran']]"
3689,himachal,"[95131.0, ['dharamsala']]"
3698,himachal,"[90964.0, ['khajjiar']]"
3704,himachal,"[92586.0, ['dalhousie']]"
3706,himachal,"[94701.0, ['manali']]"
3720,rajasthan,"[96996.0, []]"
3728,rajasthan,"[97840.0, ['tigers']]"
3729,rajasthan,"[97841.0, ['pushkar', 'fair']]"
3735,rajasthan,"[92585.0, ['jaisalmer']]"
3738,rajasthan,"[96066.0, ['resort']]"
3765,uttarakhand,"[93575.0, ['nainital']]"
3766,uttarakhand,"[96468.0, ['uttarakhand']]"
3767,thailand,"[91667.0, ['krabi']]"
3772,thailand,"[91739.0, ['kite']]"
3773,thailand,"[91740.0, []]"
3780,thailand,"[91881.0, ['thong', 'nai', 'pan', 'noi']]"
3783,thailand,"[91884.0, []]"
3784,thailand,"[92040.0, ['floating']]"
3799,malaysia,"[91676.0, ['pulau', 'langkawi']]"
3807,malaysia,"[91747.0, ['tanjong', 'jara', 'resort']]"
3816,malaysia,"[93557.0, ['kinabatangan']]"
3818,malaysia,"[93560.0, ['famosa', 'fortress']]"
3820,malaysia,"[93562.0, ['perak']]"
3824,malaysia,"[93632.0, ['gravity', 'malaysia']]"
3837,malaysia,"[94042.0, ['four', 'resort', 'malaysia']]"
3840,malaysia,"[94046.0, ['pangkor', 'laut', 'resort']]"
3862,malaysia,"[94718.0, ['teluk', 'duyung', 'penang']]"
3868,malaysia,"[96100.0, ['hopping']]"
3871,malaysia,"[89588.0, ['malaysia']]"
3873,malaysia,"[91833.0, ['langkawi']]"
3875,malaysia,"[94029.0, ['india']]"
3882,malaysia,"[96066.0, ['resort']]"
3883,malaysia,"[96178.0, ['day']]"
3893,pondicherry,"[97984.0, ['paradise', 'chunnambar', 'house']]"
3896,pondicherry,"[97988.0, ['bicycle']]"
3901,pondicherry,"[88976.0, ['pondicherry']]"
3903,"pune,mumbai","[91717.0, ['tapola']]"
3905,"pune,mumbai","[91719.0, ['karnala']]"
3911,bangkok,"[91857.0, []]"
3917,bangkok,"[94152.0, []]"
3918,bangkok,"[94153.0, []]"
3919,bangkok,"[94155.0, ['massage']]"
3922,bangkok,"[89229.0, ['hangover']]"
4027,phuket,"[91984.0, ['shore', 'katathani']]"
4032,phuket,"[91989.0, ['radisson', 'blu', 'plaza', 'phuket']]"
4034,phuket,"[91991.0, ['centara', 'karon', 'resort', 'phuket']]"
4036,phuket,"[96937.0, ['floating', 'koh', 'panyee']]"
4038,phuket,"[96939.0, ['james', 'bond']]"
4043,phuket,"[96945.0, ['fantasea']]"
4059,"mumbai,pune","[92023.0, ['prabalgad']]"
4066,"mumbai,pune","[92030.0, ['harishchandragad']]"
4067,"mumbai,pune","[92570.0, ['peak']]"
4068,"india,north","[92219.0, ['ambubachi', 'mela']]"
4071,"india,north","[92223.0, ['nghah', 'lou', 'dawr']]"
4072,"india,north","[92225.0, ['secret', 'tunnels', 'talatal', 'ghar']]"
4075,"india,north","[92229.0, ['mawphlang']]"
4076,"india,north","[92230.0, ['assam', 'largest', 'smallest']]"
4082,kasol,"[92513.0, ['kasol']]"
4086,ahmedabad,"[92299.0, ['sabarmati', 'ashram']]"
4090,ahmedabad,"[93798.0, ['kensville', 'golf', 'resort']]"
4109,ahmedabad,"[97661.0, ['iskcon']]"
4110,ahmedabad,"[97662.0, ['swaminarayan']]"
4112,ahmedabad,"[97664.0, ['sardar', 'vallabhbhai', 'patel']]"
4115,ahmedabad,"[97667.0, ['exhibits', 'sanskar', 'kendra', 'ahmedabad']]"
4116,ahmedabad,"[97668.0, ['utensils', 'different', 'vechaar']]"
4121,ahmedabad,"[90815.0, ['jama', 'masjid']]"
4124,ahmedabad,"[96066.0, ['resort']]"
4135,jaipur,"[92316.0, ['rani', 'sisodia']]"
4137,jaipur,"[92319.0, ['jaipur']]"
4139,jaipur,"[92321.0, ['step', 'well', 'abhaneri']]"
4162,dubai,"[92363.0, ['emirates']]"
4164,dubai,"[92365.0, ['spice', 'souk']]"
4171,dubai,"[93123.0, ['sheikh', 'saeed', 'al', 'maktoum', 'house']]"
4173,dubai,"[93125.0, ['dubai', 'creek']]"
4175,dubai,"[93127.0, ['dubai']]"
4179,dubai,"[93885.0, ['kebab']]"
4188,dubai,"[93898.0, ['bread']]"
4190,dubai,"[93901.0, ['knafeh']]"
4191,dubai,"[94612.0, []]"
4203,dubai,"[97000.0, ['dubai']]"
4209,dubai,"[93182.0, ['kebab']]"
4212,dubai,"[93966.0, ['dubai']]"
4219,sikkim,"[92379.0, ['pass']]"
4220,sikkim,"[92380.0, ['yumthang']]"
4221,sikkim,"[92381.0, ['ravangla']]"
4235,"delhi,india","[92480.0, ['india', 'gate']]"
4237,"delhi,india","[92482.0, ['dilli', 'haat']]"
4243,"delhi,india","[94029.0, ['india']]"
4246,munnar,"[92615.0, ['aranyaka', 'resort']]"
4258,munnar,"[97042.0, ['munnar']]"
4260,munnar,"[97181.0, ['drive']]"
4266,munnar,"[95890.0, ['munnar']]"
4268,munnar,"[96465.0, ['munnar']]"
4272,alleppey,"[96737.0, ['alappuzha']]"
4274,alleppey,"[96739.0, ['andhakaranazhi']]"
4275,alleppey,"[96740.0, ['krishna']]"
4278,alleppey,"[96744.0, ['karumadi']]"
4279,alleppey,"[96745.0, ['lighthouse', 'alleppey']]"
4280,alleppey,"[96746.0, ['krishnapuram']]"
4281,alleppey,"[97140.0, ['el', 'oceano', 'villa', 'retreat']]"
4286,alleppey,"[97146.0, ['ramada']]"
4287,alleppey,"[97147.0, ['raheem', 'residency', 'alleppey']]"
4289,alleppey,"[97162.0, ['spa']]"
4291,alleppey,"[97167.0, []]"
4294,alleppey,"[94930.0, ['resort']]"
4297,malana,"[92815.0, ['camera']]"
4310,istanbul,"[93103.0, ['jewelry']]"
4313,istanbul,"[93106.0, ['items']]"
4326,istanbul,"[93444.0, ['topkapi']]"
4330,istanbul,"[93448.0, ['changa']]"
4337,istanbul,"[93455.0, ['kanyon', 'istanbul']]"
4353,"goa,festivals","[93282.0, ['sao', 'joao']]"
4356,"goa,festivals","[88975.0, ['goa']]"
4359,"goa,festivals","[92004.0, ['christmas']]"
4368,spain,"[93329.0, ['colorful', 'costa', 'galicia']]"
4369,spain,"[93330.0, ['alicante']]"
4373,spain,"[93425.0, ['santillana', 'del', 'mar']]"
4374,spain,"[93426.0, ['burgos']]"
4377,spain,"[93429.0, ['seville']]"
4385,spain,"[93674.0, ['costa', 'brava']]"
4389,spain,"[93678.0, ['great', 'cordoba']]"
4392,spain,"[93681.0, ['white']]"
4404,"new,zealand","[93359.0, ['rotorua', 'lava', 'lines']]"
4414,"new,zealand","[94324.0, ['bioluminescent', 'mosquito', 'bay']]"
4415,"new,zealand","[94325.0, ['wharariki', 'south']]"
4421,"new,zealand","[94331.0, ['piha']]"
4426,"new,zealand","[94336.0, ['ngarunui', 'north']]"
4427,"new,zealand","[94337.0, ['coromandel', 'peninsula']]"
4429,"new,zealand","[94339.0, ['takou', 'bay', 'north']]"
4439,"new,zealand","[94630.0, ['wanaka']]"
4443,"new,zealand","[96177.0, ['bay']]"
4444,"new,zealand","[96179.0, ['rotorua']]"
4446,"new,zealand","[98102.0, ['waiheke']]"
4473,sydney,"[93391.0, ['bondi']]"
4475,sydney,"[93393.0, ['manly']]"
4476,sydney,"[93394.0, ['darling', 'harbor']]"
4479,sydney,"[93397.0, ['featherdale']]"
4480,sydney,"[93399.0, ['sydney']]"
4499,australia,"[93496.0, ['kakadu']]"
4503,australia,"[93502.0, ['harbor']]"
4505,australia,"[93504.0, []]"
4511,australia,"[93510.0, ['melbourne']]"
4513,australia,"[93512.0, ['pitt']]"
4519,australia,"[93907.0, ['crown']]"
4522,australia,"[93910.0, ['longitude']]"
4524,australia,"[93912.0, ['lilianfels', 'blue', 'resort', 'spa']]"
4526,australia,"[93914.0, ['surfer', 'paradise', 'marriott', 'resort', 'spa']]"
4528,australia,"[93916.0, ['broome', 'resort']]"
4541,australia,"[94682.0, ['wineglass', 'bay']]"
4549,australia,"[95793.0, ['great']]"
4554,australia,"[97293.0, ['great', 'barrier', 'reef']]"
4562,australia,"[93617.0, ['great', 'barrier', 'reef']]"
4563,australia,"[94349.0, ['blue']]"
4567,australia,"[97603.0, ['opera', 'house']]"
4577,perth,"[93628.0, []]"
4579,perth,"[93631.0, ['perth', 'mint']]"
4600,perth,"[93736.0, ['rides']]"
4601,perth,"[97831.0, ['universal']]"
4606,melbourne,"[93756.0, ['dandenong']]"
4619,melbourne,"[94321.0, ['melbourne', 'cricket', 'ground']]"
4620,melbourne,"[94322.0, ['dandenong']]"
4626,melbourne,"[94747.0, []]"
4627,melbourne,"[94748.0, ['st', 'kilda']]"
4629,melbourne,"[94752.0, ['melbourne']]"
4640,"abu,dhabi","[94197.0, ['mushrif']]"
4643,"abu,dhabi","[94200.0, []]"
4646,"abu,dhabi","[94204.0, []]"
4649,"abu,dhabi","[97210.0, ['abu', 'dhabi']]"
4652,nagpur,"[94209.0, ['amba', 'khori']]"
4671,brisbane,"[94309.0, ['met']]"
4675,brisbane,"[94313.0, ['brisbane', 'powerhouse']]"
4683,chandigarh,"[97187.0, []]"
4685,chandigarh,"[97189.0, ['barog']]"
4716,paris,"[94516.0, []]"
4719,paris,"[96357.0, ['nice']]"
4721,paris,"[92719.0, ['paris']]"
4741,"south,africa","[94606.0, ['johannesburg']]"
4752,"south,africa","[96182.0, ['queenstown']]"
4753,"south,africa","[98103.0, ['bay']]"
4757,switzerland,"[94670.0, ['matterhorn']]"
4759,switzerland,"[94672.0, ['swiss']]"
4764,switzerland,"[95159.0, ['saas', 'fee']]"
4775,switzerland,"[97226.0, ['interlaken']]"
4779,switzerland,"[96248.0, ['europe']]"
4785,jaisalmer,"[94836.0, ['salim', 'singh', 'ki', 'haveli']]"
4786,jaisalmer,"[94838.0, []]"
4793,ganga,"[94962.0, ['rocky']]"
4794,ganga,"[94963.0, []]"
4797,ganga,"[94974.0, ['ganga']]"
4798,ganga,"[94976.0, ['dharamshala', 'ganga']]"
4799,ganga,"[94977.0, ['rooms']]"
4803,ganga,"[94983.0, []]"
4807,darjeeling,"[95069.0, ['peace', 'pagoda']]"
4822,darjeeling,"[90963.0, ['white']]"
4827,"koh,samui,krabi","[95090.0, []]"
4832,rann,"[95178.0, ['facilities']]"
4838,"new,delhi","[95402.0, ['hardy', 'sandhu', 'noida']]"
4845,"festival,dubai","[95436.0, ['dubai', 'festival']]"
4846,"festival,dubai","[95437.0, ['dubai']]"
4848,"festival,dubai","[95439.0, ['tips', 'smart', 'dubai', 'festival']]"
4850,"festival,dubai","[95441.0, ['dubai', 'festival']]"
4851,"festival,dubai","[93962.0, ['dubai']]"
4854,"festival,dubai","[94347.0, ['dubai']]"
4855,"goa,new","[95462.0, ['goa']]"
4858,"goa,new","[95468.0, ['barbecue']]"
4868,"goa,new","[95788.0, ['new', 'curlies']]"
4869,"goa,new","[95789.0, ['new', 'leopard']]"
4871,"goa,new","[90329.0, ['goa']]"
4886,"calangute,goa","[95524.0, ['hotel']]"
4888,"calangute,goa","[95526.0, ['citrus', 'goa']]"
4894,"calangute,goa","[88975.0, ['goa']]"
4895,"calangute,goa","[90329.0, ['goa']]"
4899,"calangute,goa","[96066.0, ['resort']]"
4904,"mount,huashan","[95620.0, ['bravehearts', 'mount', 'huashan']]"
4909,"new,thailand","[89381.0, ['khao', 'san']]"
4920,"india,new","[95706.0, ['mcleodganj']]"
4925,"india,new","[88978.0, ['mumbai']]"
4936,"india,new","[94701.0, ['manali']]"
4939,"new,mumbai","[95714.0, ['new', 'lalit', 'mumbai']]"
4948,"phuket,pattaya","[95911.0, ['phuket']]"
4949,"phuket,pattaya","[95914.0, ['phuket', 'honeymooners']]"
4955,"phuket,pattaya","[95924.0, ['phuket']]"
4970,mahabaleshwar,"[95973.0, ['pratapgad']]"
4976,mahabaleshwar,"[95980.0, ['lodwick']]"
4987,mahabaleshwar,"[96959.0, ['bombay']]"
4992,mahabaleshwar,"[92570.0, ['peak']]"
4994,mahabaleshwar,"[96066.0, ['resort']]"
4996,"hong,kong","[96014.0, []]"
4999,"hong,kong","[96018.0, ['hidden', 'agenda']]"
5001,"hong,kong","[96020.0, ['seafood']]"
5004,"hong,kong","[96037.0, []]"
5013,"hong,kong","[96046.0, ['big', 'buddha']]"
5018,"hong,kong","[96457.0, ['antiques', 'hollywood']]"
5019,"hong,kong","[96458.0, ['mongkok', 'hong', 'kong']]"
5026,"hong,kong","[92570.0, ['peak']]"
5037,"south,goa","[96114.0, ['butterfly']]"
5047,"singapore,bali","[90574.0, ['bali']]"
5049,"singapore,bali","[91833.0, ['langkawi']]"
5057,kumarakom,"[96152.0, ['kumarakom', 'resort']]"
5061,kumarakom,"[96157.0, ['coconut', 'lagoon']]"
5063,kumarakom,"[96159.0, ['lakesong', 'kumarakom']]"
5064,kumarakom,"[96160.0, ['edassery', 'kayal', 'resort', 'kumarakom']]"
5066,kumarakom,"[96162.0, ['whispering', 'palms', 'kumarakom']]"
5073,kumarakom,"[96170.0, ['backwater', 'ripples']]"
5088,kumarakom,"[96462.0, ['taj']]"
5095,pattaya,"[89391.0, ['pattaya']]"
5096,pattaya,"[97610.0, ['botanical']]"
5111,gangtok,"[96238.0, ['pemayangtse', 'monastery', 'popular', 'gangtok']]"
5127,wayanad,"[96255.0, ['escape', 'dam']]"
5128,wayanad,"[96257.0, ['sanctuary']]"
5132,wayanad,"[90330.0, ['kerala']]"
5136,"koh,samui","[96262.0, ['four', 'seasons', 'resort', 'koh', 'samui']]"
5151,"koh,samui","[92808.0, ['grand']]"
5153,"koh,samui","[96066.0, ['resort']]"
5155,"koh,samui","[96398.0, ['bophut']]"
5160,thekkady,"[96335.0, ['sleepy']]"
5161,thekkady,"[96336.0, ['thekkady']]"
5172,thekkady,"[93736.0, ['rides']]"
5185,cochin,"[96433.0, ['gowreeswara', 'cherai']]"
5188,cochin,"[97068.0, ['vedanta', 'wake']]"
5198,cochin,"[97628.0, ['symphony', 'resort']]"
5206,"goa,north","[88975.0, ['goa']]"
5211,"jim,corbett","[96903.0, ['package']]"
5212,"jim,corbett","[97471.0, ['jim', 'corbett']]"
5214,"baga,goa","[96515.0, ['baga', 'resort']]"
5217,"baga,goa","[96519.0, ['chalston', 'resort', 'hotel']]"
5218,"baga,goa","[96520.0, ['lazy', 'lagoon']]"
5224,"baga,goa","[96527.0, ['nazri', 'resort', 'hotel']]"
5225,"baga,goa","[96528.0, ['hotel', 'viva', 'baga']]"
5228,"baga,goa","[96531.0, ['ronil', 'royale']]"
5232,"baga,goa","[96535.0, ['fab', 'hotel', 'baga', 'ii']]"
5233,"baga,goa","[96536.0, ['angelina', 'resort', 'baga']]"
5240,"baga,goa","[90329.0, ['goa']]"
5241,"baga,goa","[90638.0, ['cuba']]"
5251,"hong,kong,macau","[96577.0, ['macau', 'day']]"
5253,"hong,kong,macau","[96580.0, ['feeling', 'magic']]"
5258,"hong,kong,macau","[96178.0, ['day']]"
5261,"india,pakistan","[96593.0, ['cricket']]"
5263,"india,pakistan","[96595.0, ['sides', 'love', 'pampered']]"
5264,"india,pakistan","[96596.0, ['cuisines']]"
5270,"india,pakistan","[90324.0, ['soldiers']]"
5271,greece,"[96634.0, ['chania']]"
5274,greece,"[96637.0, ['greece']]"
5279,greece,"[89579.0, ['greece']]"
5280,greece,"[91212.0, ['santorini']]"
5281,greece,"[92034.0, ['greece']]"
5286,"india,festivals","[96651.0, ['makarsankranti']]"
5288,"india,festivals","[96653.0, ['fest']]"
5290,"india,festivals","[96656.0, ['bikaner', 'fest']]"
5300,"india,festivals","[90329.0, ['goa']]"
5306,"india,festivals","[92571.0, ['mount', 'abu']]"
5308,"india,festivals","[94029.0, ['india']]"
5309,"india,festivals","[94701.0, ['manali']]"
5314,kumbhalgarh,"[96693.0, ['kumbhalgarh']]"
5329,srinagar,"[96708.0, ['jamal', 'resort']]"
5331,srinagar,"[96710.0, ['swiss', 'hotel', 'kashmir', 'srinagar']]"
5335,srinagar,"[98004.0, ['srinagar']]"
5338,srinagar,"[92808.0, ['grand']]"
5339,srinagar,"[93027.0, ['kashmir']]"
5342,srinagar,"[93969.0, ['kashmir']]"
5344,srinagar,"[94930.0, ['resort']]"
5345,srinagar,"[96063.0, ['view']]"
5350,srinagar,"[96787.0, ['kashmir']]"
5351,"mount,abu","[96715.0, ['cama', 'resort']]"
5364,"mount,abu","[96066.0, ['resort']]"
5368,fiji,"[96751.0, ['yasawas']]"
5374,fiji,"[96759.0, ['likuliku', 'lagoon', 'resort']]"
5377,fiji,"[96762.0, ['radisson', 'blu', 'resort', 'fiji']]"
5378,fiji,"[96763.0, ['laucala', 'resort']]"
5380,fiji,"[96765.0, ['snorkeling', 'viti', 'levu']]"
5382,fiji,"[96767.0, ['tiger', 'beqa', 'lagoon']]"
5386,fiji,"[89378.0, ['tiger']]"
5409,kovalam,"[96867.0, ['kovalam']]"
5410,auli,"[97013.0, ['nanda', 'devi']]"
5420,roopkund,"[90520.0, ['roopkund']]"
5425,chittorgarh,"[97076.0, ['chittorgarh']]"
5426,chittorgarh,"[97078.0, []]"
5430,chittorgarh,"[95598.0, ['chittorgarh']]"
5442,macau,"[97100.0, ['macau']]"
5446,macau,"[93004.0, ['black']]"
5447,macau,"[97607.0, ['chinese']]"
5459,pushkar,"[97134.0, ['pushkar', 'resort']]"
5462,pushkar,"[97137.0, ['resort']]"
5487,ranthambore,"[97269.0, ['khem', 'vilas']]"
5492,ranthambore,"[96066.0, ['resort']]"
5495,kottayam,"[97352.0, ['nadukani']]"
5501,kottayam,"[97360.0, ['kumarakom', 'bird', 'sanctuary']]"
5518,"goa,north,south","[96209.0, ['goa']]"
5524,bermuda,"[97411.0, ['sulphur', 'marine', 'queen']]"
5530,rishikesh,"[97429.0, ['cradle', 'life', 'rishikesh']]"
5531,rishikesh,"[97430.0, ['gold', 'coast']]"
5533,rishikesh,"[97432.0, ['glasshouse', 'ganges']]"
5541,rishikesh,"[98154.0, []]"
5551,rishikesh,"[92493.0, ['rishikesh']]"
5554,dalhousie,"[97463.0, ['kalatop', 'reserve']]"
5555,dalhousie,"[97464.0, ['st.', 'francis', 'catholic']]"
5556,dalhousie,"[97465.0, ['panchpula', 'dalhousie']]"
5564,dalhousie,"[92586.0, ['dalhousie']]"
5565,udaipur,"[97502.0, ['rajputana']]"
5575,udaipur,"[97513.0, ['leela']]"
5579,udaipur,"[97635.0, ['ahar']]"
5584,udaipur,"[89440.0, ['udaipur']]"
5595,vadodara,"[97620.0, ['ancient', 'banyan', 'kabirwad']]"
5598,rameshwaram,"[97713.0, ['five', 'faced', 'hanuman']]"
5612,"kuala,lumpur","[89588.0, ['malaysia']]"
5615,"kuala,lumpur","[94803.0, ['top']]"
5621,"bir,billing","[90969.0, ['bir', 'billing']]"
5628,langkawi,"[97788.0, []]"
5629,langkawi,"[97789.0, ['taman', 'lagenda']]"
5634,langkawi,"[97794.0, ['pantai', 'kok']]"
5636,langkawi,"[96177.0, ['bay']]"
5640,mussoorie,"[97927.0, []]"
5641,mussoorie,"[97928.0, []]"
5649,mussoorie,"[98169.0, ['hotel', 'mayur', 'mussoorie']]"
5652,"kanyakumari,kashmir","[92582.0, ['kanyakumari']]"
5654,"kanyakumari,kashmir","[96866.0, ['kanyakumari']]"
5663,kasauli,"[97999.0, ['toy', 'dharampur', 'barog']]"
5669,amsterdam,"[98014.0, []]"
5671,amsterdam,"[98019.0, ['sugar', 'factory']]"
5676,bikaner,"[98077.0, ['junagarh']]"
5680,bikaner,"[98082.0, ['bhandasar', 'jain', 'red', 'sandstone', 'white', 'marble']]"
5681,bikaner,"[98084.0, ['shri', 'laxminath', 'one', 'bikaner']]"
5682,bikaner,"[98085.0, ['shiv', 'bari']]"
5685,bikaner,"[98088.0, ['thar', 'bikaner']]"
5687,bikaner,"[93005.0, ['white']]"